<?xml version="1.0" encoding="utf-8"?><!-- Copyright (c) Microsoft Corporation.  All rights reserved. --><GroupPolicyBackupScheme bkp:version="2.0" bkp:type="GroupPolicyBackupTemplate" xmlns:bkp="http://www.microsoft.com/GroupPolicy/GPOOperations" xmlns="http://www.microsoft.com/GroupPolicy/GPOOperations">
    <GroupPolicyObject><SecurityGroups><Group bkp:Source="FromDACL"><Sid><![CDATA[S-1-5-21-909356044-1599522197-445740120-519]]></Sid><SamAccountName><![CDATA[Enterprise Admins]]></SamAccountName><Type><![CDATA[UniversalGroup]]></Type><NetBIOSDomainName><![CDATA[DIDEROT]]></NetBIOSDomainName><DnsDomainName><![CDATA[diderot.org]]></DnsDomainName><UPN><![CDATA[Enterprise Admins@diderot.org]]></UPN></Group><Group bkp:Source="FromDACL"><Sid><![CDATA[S-1-5-21-909356044-1599522197-445740120-512]]></Sid><SamAccountName><![CDATA[Domain Admins]]></SamAccountName><Type><![CDATA[GlobalGroup]]></Type><NetBIOSDomainName><![CDATA[DIDEROT]]></NetBIOSDomainName><DnsDomainName><![CDATA[diderot.org]]></DnsDomainName><UPN><![CDATA[Domain Admins@diderot.org]]></UPN></Group></SecurityGroups><FilePaths/><GroupPolicyCoreSettings><ID><![CDATA[{5AE25E2E-BC71-40B8-A657-66DF30C59193}]]></ID><Domain><![CDATA[diderot.org]]></Domain><SecurityDescriptor>01 00 04 90 00 00 00 00 00 00 00 00 00 00 00 00 14 00 00 00 04 00 ec 00 08 00 00 00 00 02 24 00 ff 00 0f 00 01 05 00 00 00 00 00 05 15 00 00 00 0c ac 33 36 95 c5 56 5f 58 74 91 1a 00 02 00 00 00 02 24 00 ff 00 0f 00 01 05 00 00 00 00 00 05 15 00 00 00 0c ac 33 36 95 c5 56 5f 58 74 91 1a 07 02 00 00 00 0a 14 00 ff 00 0f 00 01 01 00 00 00 00 00 03 00 00 00 00 00 00 24 00 ff 00 0f 00 01 05 00 00 00 00 00 05 15 00 00 00 0c ac 33 36 95 c5 56 5f 58 74 91 1a 00 02 00 00 00 02 14 00 ff 00 0f 00 01 01 00 00 00 00 00 05 12 00 00 00 00 02 14 00 94 00 02 00 01 01 00 00 00 00 00 05 0b 00 00 00 05 02 28 00 00 01 00 00 01 00 00 00 8f fd ac ed b3 ff d1 11 b4 1d 00 a0 c9 68 f9 39 01 01 00 00 00 00 00 05 0b 00 00 00 00 02 14 00 94 00 02 00 01 01 00 00 00 00 00 05 09 00 00 00</SecurityDescriptor><DisplayName><![CDATA[wpkg]]></DisplayName><Options><![CDATA[0]]></Options><UserVersionNumber><![CDATA[0]]></UserVersionNumber><MachineVersionNumber><![CDATA[2162721]]></MachineVersionNumber><MachineExtensionGuids><![CDATA[[{35378EAC-683F-11D2-A89A-00C04FBBCFA2}{D02B1F72-3407-48AE-BA88-E8213C6761F1}][{42B5FAAE-6536-11D2-AE5A-0000F87571E3}{40B6664F-4972-11D1-A7CA-0000F87571E3}]]]></MachineExtensionGuids><UserExtensionGuids/><WMIFilter/></GroupPolicyCoreSettings> 
        <GroupPolicyExtension bkp:ID="{35378EAC-683F-11D2-A89A-00C04FBBCFA2}" bkp:DescName="Registry">
            <FSObjectFile bkp:Path="%GPO_MACH_FSPATH%\registry.pol" bkp:SourceExpandedPath="\\se4ad.diderot.org\sysvol\diderot.org\Policies\{5AE25E2E-BC71-40B8-A657-66DF30C59193}\Machine\registry.pol" bkp:Location="DomainSysvol\GPO\Machine\registry.pol"/>
            
            <FSObjectFile bkp:Path="%GPO_FSPATH%\Adm\*.*" bkp:SourceExpandedPath="\\se4ad.diderot.org\sysvol\diderot.org\Policies\{5AE25E2E-BC71-40B8-A657-66DF30C59193}\Adm\*.*"/>
        </GroupPolicyExtension>
        
        
        <GroupPolicyExtension bkp:ID="{42B5FAAE-6536-11d2-AE5A-0000F87571E3}" bkp:DescName="Scripts">
            <FSObjectFile bkp:Path="%GPO_MACH_FSPATH%\Scripts\scripts.ini" bkp:SourceExpandedPath="\\se4ad.diderot.org\sysvol\diderot.org\Policies\{5AE25E2E-BC71-40B8-A657-66DF30C59193}\Machine\Scripts\scripts.ini" bkp:ReEvaluateFunction="ScriptsValidatePaths" bkp:Location="DomainSysvol\GPO\Machine\Scripts\scripts.ini"/>
	    <FSObjectFile bkp:Path="%GPO_MACH_FSPATH%\Scripts\PSscripts.ini" bkp:SourceExpandedPath="\\se4ad.diderot.org\sysvol\diderot.org\Policies\{5AE25E2E-BC71-40B8-A657-66DF30C59193}\Machine\Scripts\PSscripts.ini" bkp:Location="DomainSysvol\GPO\Machine\Scripts\PSscripts.ini"/>
            <FSObjectDir bkp:Path="%GPO_MACH_FSPATH%\Scripts\Startup\*" bkp:SourceExpandedPath="\\se4ad.diderot.org\sysvol\diderot.org\Policies\{5AE25E2E-BC71-40B8-A657-66DF30C59193}\Machine\Scripts\Startup\*"><FSObjectDir bkp:Path="%GPO_MACH_FSPATH%\Scripts\Startup" bkp:SourceExpandedPath="\\se4ad.diderot.org\sysvol\diderot.org\Policies\{5AE25E2E-BC71-40B8-A657-66DF30C59193}\Machine\Scripts\Startup" bkp:Location="DomainSysvol\GPO\Machine\Scripts\Startup"/></FSObjectDir>
            <FSObjectFile bkp:Path="%GPO_MACH_FSPATH%\Scripts\Startup\*" bkp:SourceExpandedPath="\\se4ad.diderot.org\sysvol\diderot.org\Policies\{5AE25E2E-BC71-40B8-A657-66DF30C59193}\Machine\Scripts\Startup\*"><FSObjectFile bkp:Path="%GPO_MACH_FSPATH%\Scripts\Startup\wpkg.cmd" bkp:SourceExpandedPath="\\se4ad.diderot.org\sysvol\diderot.org\Policies\{5AE25E2E-BC71-40B8-A657-66DF30C59193}\Machine\Scripts\Startup\wpkg.cmd" bkp:Location="DomainSysvol\GPO\Machine\Scripts\Startup\wpkg.cmd"/></FSObjectFile>
            <FSObjectDir bkp:Path="%GPO_MACH_FSPATH%\Scripts\Shutdown\*" bkp:SourceExpandedPath="\\se4ad.diderot.org\sysvol\diderot.org\Policies\{5AE25E2E-BC71-40B8-A657-66DF30C59193}\Machine\Scripts\Shutdown\*"><FSObjectDir bkp:Path="%GPO_MACH_FSPATH%\Scripts\Shutdown" bkp:SourceExpandedPath="\\se4ad.diderot.org\sysvol\diderot.org\Policies\{5AE25E2E-BC71-40B8-A657-66DF30C59193}\Machine\Scripts\Shutdown" bkp:Location="DomainSysvol\GPO\Machine\Scripts\Shutdown"/></FSObjectDir>
            <FSObjectFile bkp:Path="%GPO_MACH_FSPATH%\Scripts\Shutdown\*" bkp:SourceExpandedPath="\\se4ad.diderot.org\sysvol\diderot.org\Policies\{5AE25E2E-BC71-40B8-A657-66DF30C59193}\Machine\Scripts\Shutdown\*"/>
            
	    
            <FSObjectDir bkp:Path="%GPO_USER_FSPATH%\Scripts\Logon\*" bkp:SourceExpandedPath="\\se4ad.diderot.org\sysvol\diderot.org\Policies\{5AE25E2E-BC71-40B8-A657-66DF30C59193}\User\Scripts\Logon\*"/>
            <FSObjectFile bkp:Path="%GPO_USER_FSPATH%\Scripts\Logon\*" bkp:SourceExpandedPath="\\se4ad.diderot.org\sysvol\diderot.org\Policies\{5AE25E2E-BC71-40B8-A657-66DF30C59193}\User\Scripts\Logon\*"/>
            <FSObjectDir bkp:Path="%GPO_USER_FSPATH%\Scripts\Logoff\*" bkp:SourceExpandedPath="\\se4ad.diderot.org\sysvol\diderot.org\Policies\{5AE25E2E-BC71-40B8-A657-66DF30C59193}\User\Scripts\Logoff\*"/>
            <FSObjectFile bkp:Path="%GPO_USER_FSPATH%\Scripts\Logoff\*" bkp:SourceExpandedPath="\\se4ad.diderot.org\sysvol\diderot.org\Policies\{5AE25E2E-BC71-40B8-A657-66DF30C59193}\User\Scripts\Logoff\*"/>
        </GroupPolicyExtension>
        
        
        
        
        
        
    <GroupPolicyExtension bkp:ID="{F15C46CD-82A0-4C2D-A210-5D0D3182A418}" bkp:DescName="Unknown Extension"><FSObjectDir bkp:Path="%GPO_MACH_FSPATH%\Applications" bkp:SourceExpandedPath="\\se4ad.diderot.org\sysvol\diderot.org\Policies\{5AE25E2E-BC71-40B8-A657-66DF30C59193}\Machine\Applications" bkp:Location="DomainSysvol\GPO\Machine\Applications"/><FSObjectFile bkp:Path="%GPO_MACH_FSPATH%\comment.cmtx" bkp:SourceExpandedPath="\\se4ad.diderot.org\sysvol\diderot.org\Policies\{5AE25E2E-BC71-40B8-A657-66DF30C59193}\Machine\comment.cmtx" bkp:Location="DomainSysvol\GPO\Machine\comment.cmtx"/><FSObjectDir bkp:Path="%GPO_MACH_FSPATH%\Preferences" bkp:SourceExpandedPath="\\se4ad.diderot.org\sysvol\diderot.org\Policies\{5AE25E2E-BC71-40B8-A657-66DF30C59193}\Machine\Preferences" bkp:Location="DomainSysvol\GPO\Machine\Preferences"/><FSObjectDir bkp:Path="%GPO_MACH_FSPATH%\Preferences\ScheduledTasks" bkp:SourceExpandedPath="\\se4ad.diderot.org\sysvol\diderot.org\Policies\{5AE25E2E-BC71-40B8-A657-66DF30C59193}\Machine\Preferences\ScheduledTasks" bkp:Location="DomainSysvol\GPO\Machine\Preferences\ScheduledTasks"/><FSObjectDir bkp:Path="%GPO_MACH_FSPATH%\Scripts" bkp:SourceExpandedPath="\\se4ad.diderot.org\sysvol\diderot.org\Policies\{5AE25E2E-BC71-40B8-A657-66DF30C59193}\Machine\Scripts" bkp:Location="DomainSysvol\GPO\Machine\Scripts"/></GroupPolicyExtension></GroupPolicyObject>
</GroupPolicyBackupScheme>