<?xml version="1.0" encoding="utf-8"?>
<Drives clsid="{8FDDCC1A-0C3C-43cd-A6B4-71A6DF20DA8C}"><Drive clsid="{935D1B74-9CB8-4e3c-9914-7DD559B7A417}" name="W:" status="W:" image="0" changed="2018-09-04 14:53:51" uid="{CBA65D7B-8BB1-40D7-ADA4-E19C9A87483D}" userContext="1" bypassErrors="1"><Properties action="C" thisDrive="NOCHANGE" allDrives="NOCHANGE" userName="" path="\\se4fs\progs" label="Programmes" persistent="1" useLetter="1" letter="W"/></Drive>
	<Drive clsid="{935D1B74-9CB8-4e3c-9914-7DD559B7A417}" name="U:" status="U:" image="0" changed="2018-09-04 13:07:41" uid="{39DAA9D3-6F51-4ABA-B9BF-AFAB98A31EFE}" userContext="1" bypassErrors="1"><Properties action="C" thisDrive="NOCHANGE" allDrives="NOCHANGE" userName="" path="\\se4fs\classes" label="Classes" persistent="1" useLetter="1" letter="U"/></Drive>
	<Drive clsid="{935D1B74-9CB8-4e3c-9914-7DD559B7A417}" name="P:" status="P:" image="0" changed="2018-09-06 14:12:42" uid="{6C83A3DB-EB3A-4FB5-AEE5-A64A3873077C}" userContext="1" bypassErrors="1"><Properties action="C" thisDrive="NOCHANGE" allDrives="NOCHANGE" userName="" path="\\se4fs\profs" label="Ressources Profs" persistent="1" useLetter="1" letter="P"/></Drive>
	<Drive clsid="{935D1B74-9CB8-4e3c-9914-7DD559B7A417}" name="V:" status="V:" image="3" changed="2018-10-12 09:22:41" uid="{35543BE2-7BC0-49F3-BA7B-D4795DF43AF7}" userContext="1" bypassErrors="1"><Properties action="D" thisDrive="NOCHANGE" allDrives="NOCHANGE" userName="" path="" label="" persistent="0" useLetter="1" letter="V"/></Drive>
	<Drive clsid="{935D1B74-9CB8-4e3c-9914-7DD559B7A417}" name="K:" status="K:" image="0" changed="2018-11-19 21:31:52" uid="{CD998DEF-8991-4916-BEB9-CD6CA2332EE8}" userContext="1" bypassErrors="1"><Properties action="C" thisDrive="NOCHANGE" allDrives="NOCHANGE" userName="" path="\\se4fs\users\%LogonUser%" label="Home" persistent="1" useLetter="1" letter="K"/></Drive>
	<Drive clsid="{935D1B74-9CB8-4e3c-9914-7DD559B7A417}" name="H:" status="H:" image="3" changed="2018-11-19 21:42:04" uid="{679E1654-40BF-4E7E-BB1D-0E736D1168CB}"><Properties action="D" thisDrive="NOCHANGE" allDrives="NOCHANGE" userName="" path="" label="" persistent="0" useLetter="1" letter="H"/></Drive>
</Drives>
