<Backups xmlns="http://www.microsoft.com/GroupPolicy/GPOOperations/Manifest" xmlns:mfst="http://www.microsoft.com/GroupPolicy/GPOOperations/Manifest" mfst:version="1.0"><BackupInst><GPOGuid><![CDATA[{5AE25E2E-BC71-40B8-A657-66DF30C59193}]]></GPOGuid><GPODomain><![CDATA[diderot.org]]></GPODomain><GPODomainGuid><![CDATA[{d4fd012b-eb48-453d-b468-d38cbfc75d2d}]]></GPODomainGuid><GPODomainController><![CDATA[se4ad.diderot.org]]></GPODomainController><BackupTime><![CDATA[2018-11-27T23:18:11]]></BackupTime><ID><![CDATA[{571E132E-89F3-4431-92B2-F6C044C5945B}]]></ID><Comment><![CDATA[strategies de base sambaedu]]></Comment><GPODisplayName><![CDATA[wpkg]]></GPODisplayName></BackupInst><BackupInst><GPOGuid><![CDATA[{9BC0A124-3FE8-4674-9920-AD1AD2150B77}]]></GPOGuid><GPODomain><![CDATA[diderot.org]]></GPODomain><GPODomainGuid><![CDATA[{d4fd012b-eb48-453d-b468-d38cbfc75d2d}]]></GPODomainGuid><GPODomainController><![CDATA[se4ad.diderot.org]]></GPODomainController><BackupTime><![CDATA[2018-11-27T23:18:10]]></BackupTime><ID><![CDATA[{3D8B0241-C383-4ABE-91BE-55347E43D07A}]]></ID><Comment><![CDATA[strategies de base sambaedu]]></Comment><GPODisplayName><![CDATA[Windows update]]></GPODisplayName></BackupInst><BackupInst><GPOGuid><![CDATA[{C15533D4-0111-402B-A0E3-88A4E73B3E68}]]></GPOGuid><GPODomain><![CDATA[diderot.org]]></GPODomain><GPODomainGuid><![CDATA[{d4fd012b-eb48-453d-b468-d38cbfc75d2d}]]></GPODomainGuid><GPODomainController><![CDATA[se4ad.diderot.org]]></GPODomainController><BackupTime><![CDATA[2018-11-27T23:18:09]]></BackupTime><ID><![CDATA[{91AE0462-5287-4A72-877B-B508951949DB}]]></ID><Comment><![CDATA[strategies de base sambaedu]]></Comment><GPODisplayName><![CDATA[redirections]]></GPODisplayName></BackupInst><BackupInst><GPOGuid><![CDATA[{9A255D3A-928B-4567-84C0-AC32285010CD}]]></GPOGuid><GPODomain><![CDATA[diderot.org]]></GPODomain><GPODomainGuid><![CDATA[{d4fd012b-eb48-453d-b468-d38cbfc75d2d}]]></GPODomainGuid><GPODomainController><![CDATA[se4ad.diderot.org]]></GPODomainController><BackupTime><![CDATA[2018-11-27T23:18:08]]></BackupTime><ID><![CDATA[{17B092B6-A7E7-470C-A363-25EC20EC8060}]]></ID><Comment><![CDATA[strategies de base sambaedu]]></Comment><GPODisplayName><![CDATA[lecteurs reseau]]></GPODisplayName></BackupInst><BackupInst><GPOGuid><![CDATA[{729CA505-42E0-4D51-AA6D-11C2588103A3}]]></GPOGuid><GPODomain><![CDATA[diderot.org]]></GPODomain><GPODomainGuid><![CDATA[{d4fd012b-eb48-453d-b468-d38cbfc75d2d}]]></GPODomainGuid><GPODomainController><![CDATA[se4ad.diderot.org]]></GPODomainController><BackupTime><![CDATA[2018-11-27T23:18:07]]></BackupTime><ID><![CDATA[{17C21CFD-6844-416E-9D66-1C337D0AA7BB}]]></ID><Comment><![CDATA[strategies de base sambaedu]]></Comment><GPODisplayName><![CDATA[impression]]></GPODisplayName></BackupInst><BackupInst><GPOGuid><![CDATA[{39B42FF5-D349-4FDC-A477-C921DB6A4133}]]></GPOGuid><GPODomain><![CDATA[diderot.org]]></GPODomain><GPODomainGuid><![CDATA[{d4fd012b-eb48-453d-b468-d38cbfc75d2d}]]></GPODomainGuid><GPODomainController><![CDATA[se4ad.diderot.org]]></GPODomainController><BackupTime><![CDATA[2018-11-27T23:18:03]]></BackupTime><ID><![CDATA[{8853E471-C118-4BF1-9288-50B8110AA7B4}]]></ID><Comment><![CDATA[strategies de base sambaedu]]></Comment><GPODisplayName><![CDATA[Bureau]]></GPODisplayName></BackupInst><BackupInst><GPOGuid><![CDATA[{19E295FD-D951-4849-841E-A9906BE11FF7}]]></GPOGuid><GPODomain><![CDATA[diderot.org]]></GPODomain><GPODomainGuid><![CDATA[{d4fd012b-eb48-453d-b468-d38cbfc75d2d}]]></GPODomainGuid><GPODomainController><![CDATA[se4ad.diderot.org]]></GPODomainController><BackupTime><![CDATA[2018-11-27T23:18:02]]></BackupTime><ID><![CDATA[{EC2C2A98-9281-434F-980B-B47219925DA4}]]></ID><Comment><![CDATA[strategies de base sambaedu]]></Comment><GPODisplayName><![CDATA[Admins locaux]]></GPODisplayName></BackupInst><BackupInst><GPOGuid><![CDATA[{EA546A71-1554-405D-AA08-D0D9F67CAF97}]]></GPOGuid><GPODomain><![CDATA[diderot.org]]></GPODomain><GPODomainGuid><![CDATA[{d4fd012b-eb48-453d-b468-d38cbfc75d2d}]]></GPODomainGuid><GPODomainController><![CDATA[se4ad.diderot.org]]></GPODomainController><BackupTime><![CDATA[2018-11-27T23:17:57]]></BackupTime><ID><![CDATA[{53AC6AE7-3EF3-4E29-9387-09ECF591C84C}]]></ID><Comment><![CDATA[strategies de base sambaedu]]></Comment><GPODisplayName><![CDATA[activation smb3]]></GPODisplayName></BackupInst></Backups>