<BackupInst xmlns="http://www.microsoft.com/GroupPolicy/GPOOperations/Manifest"><GPOGuid><![CDATA[{9A255D3A-928B-4567-84C0-AC32285010CD}]]></GPOGuid><GPODomain><![CDATA[diderot.org]]></GPODomain><GPODomainGuid><![CDATA[{d4fd012b-eb48-453d-b468-d38cbfc75d2d}]]></GPODomainGuid><GPODomainController><![CDATA[se4ad.diderot.org]]></GPODomainController><BackupTime><![CDATA[2018-11-27T23:18:08]]></BackupTime><ID><![CDATA[{17B092B6-A7E7-470C-A363-25EC20EC8060}]]></ID><Comment><![CDATA[strategies de base sambaedu]]></Comment><GPODisplayName><![CDATA[lecteurs reseau]]></GPODisplayName></BackupInst>
