<BackupInst xmlns="http://www.microsoft.com/GroupPolicy/GPOOperations/Manifest"><GPOGuid><![CDATA[{39B42FF5-D349-4FDC-A477-C921DB6A4133}]]></GPOGuid><GPODomain><![CDATA[diderot.org]]></GPODomain><GPODomainGuid><![CDATA[{d4fd012b-eb48-453d-b468-d38cbfc75d2d}]]></GPODomainGuid><GPODomainController><![CDATA[se4ad.diderot.org]]></GPODomainController><BackupTime><![CDATA[2018-11-27T23:18:03]]></BackupTime><ID><![CDATA[{8853E471-C118-4BF1-9288-50B8110AA7B4}]]></ID><Comment><![CDATA[strategies de base sambaedu]]></Comment><GPODisplayName><![CDATA[Bureau]]></GPODisplayName></BackupInst>
