<BackupInst xmlns="http://www.microsoft.com/GroupPolicy/GPOOperations/Manifest"><GPOGuid><![CDATA[{9BC0A124-3FE8-4674-9920-AD1AD2150B77}]]></GPOGuid><GPODomain><![CDATA[diderot.org]]></GPODomain><GPODomainGuid><![CDATA[{d4fd012b-eb48-453d-b468-d38cbfc75d2d}]]></GPODomainGuid><GPODomainController><![CDATA[se4ad.diderot.org]]></GPODomainController><BackupTime><![CDATA[2018-11-27T23:18:10]]></BackupTime><ID><![CDATA[{3D8B0241-C383-4ABE-91BE-55347E43D07A}]]></ID><Comment><![CDATA[strategies de base sambaedu]]></Comment><GPODisplayName><![CDATA[Windows update]]></GPODisplayName></BackupInst>
