<BackupInst xmlns="http://www.microsoft.com/GroupPolicy/GPOOperations/Manifest"><GPOGuid><![CDATA[{C15533D4-0111-402B-A0E3-88A4E73B3E68}]]></GPOGuid><GPODomain><![CDATA[diderot.org]]></GPODomain><GPODomainGuid><![CDATA[{d4fd012b-eb48-453d-b468-d38cbfc75d2d}]]></GPODomainGuid><GPODomainController><![CDATA[se4ad.diderot.org]]></GPODomainController><BackupTime><![CDATA[2018-11-27T23:18:09]]></BackupTime><ID><![CDATA[{91AE0462-5287-4A72-877B-B508951949DB}]]></ID><Comment><![CDATA[strategies de base sambaedu]]></Comment><GPODisplayName><![CDATA[redirections]]></GPODisplayName></BackupInst>
